model,n_patches,n_gland,n_non_gland,frac_gland,mean_p_gland,median_p_gland
virchow2,9605,7529,2076,0.7838625715773034,0.7570899039634045,0.9257686
uni2,9605,8986,619,0.9355543987506507,0.875892422941697,0.9585377
phikon-v2,9605,9239,366,0.9618948464341489,0.8777143867807391,0.9394706
ensemble_mean_prob,9605,8801,804,0.9162935970848516,0.8368989043876107,0.9143428
ensemble_hard_vote,9605,8924,681,0.9290994273815721,,
