model,n_patches,n_gland,n_non_gland,frac_gland,mean_p_gland,median_p_gland
virchow2,9327,6371,2956,0.6830706550873807,0.64445155838994,0.76524264
uni2,9327,4667,4660,0.5003752546370751,0.4937958266833013,0.5001221
phikon-v2,9327,5830,3497,0.6250670097566206,0.6042778591122654,0.6383846
ensemble_mean_prob,9327,5859,3468,0.6281762624638147,0.580841747794221,0.61617035
ensemble_hard_vote,9327,5738,3589,0.6152031735820735,,
