model,n_patches,n_gland,n_non_gland,frac_gland,mean_p_gland,median_p_gland
virchow2,7072,6793,279,0.9605486425339367,0.9113093108841912,0.9804314
uni2,7072,5964,1108,0.8433257918552036,0.7646093921894795,0.84821922
phikon-v2,7072,6783,289,0.9591346153846154,0.8076614878734446,0.83601975
ensemble_mean_prob,7072,6826,246,0.9652149321266968,0.8278600633098133,0.86324243
ensemble_hard_vote,7072,6767,305,0.9568721719457014,,
