model,n_patches,n_gland,n_non_gland,frac_gland,mean_p_gland,median_p_gland
virchow2,4541,2577,1964,0.5674961462232988,0.5580352516353851,0.60159355
uni2,4541,2035,2506,0.448139176392865,0.4703678150939507,0.44806397
phikon-v2,4541,2244,2297,0.49416428099537546,0.48440934359900906,0.4960023
ensemble_mean_prob,4541,2307,2234,0.5080378771195772,0.5042708033692579,0.5056661
ensemble_hard_vote,4541,2278,2263,0.5016516185862145,,
